imageName,label
daisy1.jpg,0
daisy2.jpg,0
daisy3.jpg,0
daisy4.jpg,0
daisy5.jpg,0
daisy6.jpg,0
daisy7.jpg,0
daisy8.jpg,0
daisy9.jpg,0
daisy10.jpg,0
daisy11.jpg,0
daisy12.jpg,0
daisy13.jpg,0
daisy14.jpg,0
daisy15.jpg,0
daisy16.jpg,0
daisy17.jpg,0
daisy18.jpg,0
daisy19.jpg,0
daisy20.jpg,0
daisy21.jpg,0
daisy22.jpg,0
daisy23.jpg,0
daisy24.jpg,0
daisy25.jpg,0
daisy26.jpg,0
daisy27.jpg,0
daisy28.jpg,0
daisy29.jpg,0
daisy30.jpg,0
daisy31.jpg,0
daisy32.jpg,0
daisy33.jpg,0
daisy34.jpg,0
daisy35.jpg,0
daisy36.jpg,0
daisy37.jpg,0
daisy38.jpg,0
daisy39.jpg,0
daisy40.jpg,0
daisy41.jpg,0
daisy42.jpg,0
daisy43.jpg,0
daisy44.jpg,0
daisy45.jpg,0
daisy46.jpg,0
daisy47.jpg,0
daisy48.jpg,0
daisy49.jpg,0
daisy50.jpg,0
daisy51.jpg,0
daisy52.jpg,0
daisy53.jpg,0
daisy54.jpg,0
daisy55.jpg,0
daisy56.jpg,0
daisy57.jpg,0
daisy58.jpg,0
daisy59.jpg,0
daisy60.jpg,0
daisy61.jpg,0
daisy62.jpg,0
daisy63.jpg,0
daisy64.jpg,0
daisy65.jpg,0
daisy66.jpg,0
daisy67.jpg,0
daisy68.jpg,0
daisy69.jpg,0
daisy70.jpg,0
daisy71.jpg,0
daisy72.jpg,0
daisy73.jpg,0
daisy74.jpg,0
daisy75.jpg,0
daisy76.jpg,0
daisy77.jpg,0
daisy78.jpg,0
daisy79.jpg,0
daisy80.jpg,0
daisy81.jpg,0
daisy82.jpg,0
daisy83.jpg,0
daisy84.jpg,0
daisy85.jpg,0
daisy86.jpg,0
daisy87.jpg,0
daisy88.jpg,0
daisy89.jpg,0
daisy90.jpg,0
daisy91.jpg,0
daisy92.jpg,0
daisy93.jpg,0
daisy94.jpg,0
daisy95.jpg,0
daisy96.jpg,0
daisy97.jpg,0
daisy98.jpg,0
daisy99.jpg,0
daisy100.jpg,0
daisy101.jpg,0
daisy102.jpg,0
daisy103.jpg,0
daisy104.jpg,0
daisy105.jpg,0
daisy106.jpg,0
daisy107.jpg,0
daisy108.jpg,0
daisy109.jpg,0
daisy110.jpg,0
daisy111.jpg,0
daisy112.jpg,0
daisy113.jpg,0
daisy114.jpg,0
daisy115.jpg,0
daisy116.jpg,0
daisy117.jpg,0
daisy118.jpg,0
daisy119.jpg,0
daisy120.jpg,0
daisy121.jpg,0
daisy122.jpg,0
daisy123.jpg,0
daisy124.jpg,0
daisy125.jpg,0
daisy126.jpg,0
daisy127.jpg,0
daisy128.jpg,0
daisy129.jpg,0
daisy130.jpg,0
daisy131.jpg,0
daisy132.jpg,0
daisy133.jpg,0
daisy134.jpg,0
daisy135.jpg,0
daisy136.jpg,0
daisy137.jpg,0
daisy138.jpg,0
daisy139.jpg,0
daisy140.jpg,0
daisy141.jpg,0
daisy142.jpg,0
daisy143.jpg,0
daisy144.jpg,0
daisy145.jpg,0
daisy146.jpg,0
daisy147.jpg,0
daisy148.jpg,0
daisy149.jpg,0
daisy150.jpg,0
daisy151.jpg,0
daisy152.jpg,0
daisy153.jpg,0
daisy154.jpg,0
daisy155.jpg,0
daisy156.jpg,0
daisy157.jpg,0
daisy158.jpg,0
daisy159.jpg,0
daisy160.jpg,0
daisy161.jpg,0
daisy162.jpg,0
daisy163.jpg,0
daisy164.jpg,0
daisy165.jpg,0
daisy166.jpg,0
daisy167.jpg,0
daisy168.jpg,0
daisy169.jpg,0
daisy170.jpg,0
daisy171.jpg,0
daisy172.jpg,0
daisy173.jpg,0
daisy174.jpg,0
daisy175.jpg,0
daisy176.jpg,0
daisy177.jpg,0
daisy178.jpg,0
daisy179.jpg,0
daisy180.jpg,0
daisy181.jpg,0
daisy182.jpg,0
daisy183.jpg,0
daisy184.jpg,0
daisy185.jpg,0
daisy186.jpg,0
daisy187.jpg,0
daisy188.jpg,0
daisy189.jpg,0
daisy190.jpg,0
daisy191.jpg,0
daisy192.jpg,0
daisy193.jpg,0
daisy194.jpg,0
daisy195.jpg,0
daisy196.jpg,0
daisy197.jpg,0
daisy198.jpg,0
daisy199.jpg,0
daisy200.jpg,0
daisy201.jpg,0
daisy202.jpg,0
daisy203.jpg,0
daisy204.jpg,0
daisy205.jpg,0
daisy206.jpg,0
daisy207.jpg,0
daisy208.jpg,0
daisy209.jpg,0
daisy210.jpg,0
daisy211.jpg,0
daisy212.jpg,0
daisy213.jpg,0
daisy214.jpg,0
daisy215.jpg,0
daisy216.jpg,0
daisy217.jpg,0
daisy218.jpg,0
daisy219.jpg,0
daisy220.jpg,0
daisy221.jpg,0
daisy222.jpg,0
daisy223.jpg,0
daisy224.jpg,0
daisy225.jpg,0
daisy226.jpg,0
daisy227.jpg,0
daisy228.jpg,0
daisy229.jpg,0
daisy230.jpg,0
daisy231.jpg,0
daisy232.jpg,0
daisy233.jpg,0
daisy234.jpg,0
daisy235.jpg,0
daisy236.jpg,0
daisy237.jpg,0
daisy238.jpg,0
daisy239.jpg,0
daisy240.jpg,0
daisy241.jpg,0
daisy242.jpg,0
daisy243.jpg,0
daisy244.jpg,0
daisy245.jpg,0
daisy246.jpg,0
daisy247.jpg,0
daisy248.jpg,0
daisy249.jpg,0
daisy250.jpg,0
daisy251.jpg,0
daisy252.jpg,0
daisy253.jpg,0
daisy254.jpg,0
daisy255.jpg,0
daisy256.jpg,0
daisy257.jpg,0
daisy258.jpg,0
daisy259.jpg,0
daisy260.jpg,0
daisy261.jpg,0
daisy262.jpg,0
daisy263.jpg,0
daisy264.jpg,0
daisy265.jpg,0
daisy266.jpg,0
daisy267.jpg,0
daisy268.jpg,0
daisy269.jpg,0
daisy270.jpg,0
daisy271.jpg,0
daisy272.jpg,0
daisy273.jpg,0
daisy274.jpg,0
daisy275.jpg,0
daisy276.jpg,0
daisy277.jpg,0
daisy278.jpg,0
daisy279.jpg,0
daisy280.jpg,0
daisy281.jpg,0
daisy282.jpg,0
daisy283.jpg,0
daisy284.jpg,0
daisy285.jpg,0
daisy286.jpg,0
daisy287.jpg,0
daisy288.jpg,0
daisy289.jpg,0
daisy290.jpg,0
daisy291.jpg,0
daisy292.jpg,0
daisy293.jpg,0
daisy294.jpg,0
daisy295.jpg,0
daisy296.jpg,0
daisy297.jpg,0
daisy298.jpg,0
daisy299.jpg,0
daisy300.jpg,0
daisy301.jpg,0
daisy302.jpg,0
daisy303.jpg,0
daisy304.jpg,0
daisy305.jpg,0
daisy306.jpg,0
daisy307.jpg,0
daisy308.jpg,0
daisy309.jpg,0
daisy310.jpg,0
daisy311.jpg,0
daisy312.jpg,0
daisy313.jpg,0
daisy314.jpg,0
daisy315.jpg,0
daisy316.jpg,0
daisy317.jpg,0
daisy318.jpg,0
daisy319.jpg,0
daisy320.jpg,0
daisy321.jpg,0
daisy322.jpg,0
daisy323.jpg,0
daisy324.jpg,0
daisy325.jpg,0
daisy326.jpg,0
daisy327.jpg,0
daisy328.jpg,0
daisy329.jpg,0
daisy330.jpg,0
daisy331.jpg,0
daisy332.jpg,0
daisy333.jpg,0
daisy334.jpg,0
daisy335.jpg,0
daisy336.jpg,0
daisy337.jpg,0
daisy338.jpg,0
daisy339.jpg,0
daisy340.jpg,0
daisy341.jpg,0
daisy342.jpg,0
daisy343.jpg,0
daisy344.jpg,0
daisy345.jpg,0
daisy346.jpg,0
daisy347.jpg,0
daisy348.jpg,0
daisy349.jpg,0
daisy350.jpg,0
daisy351.jpg,0
daisy352.jpg,0
daisy353.jpg,0
daisy354.jpg,0
daisy355.jpg,0
daisy356.jpg,0
daisy357.jpg,0
daisy358.jpg,0
daisy359.jpg,0
daisy360.jpg,0
daisy361.jpg,0
daisy362.jpg,0
daisy363.jpg,0
daisy364.jpg,0
daisy365.jpg,0
daisy366.jpg,0
daisy367.jpg,0
daisy368.jpg,0
daisy369.jpg,0
daisy370.jpg,0
daisy371.jpg,0
daisy372.jpg,0
daisy373.jpg,0
daisy374.jpg,0
daisy375.jpg,0
daisy376.jpg,0
daisy377.jpg,0
daisy378.jpg,0
daisy379.jpg,0
daisy380.jpg,0
daisy381.jpg,0
daisy382.jpg,0
daisy383.jpg,0
daisy384.jpg,0
daisy385.jpg,0
daisy386.jpg,0
daisy387.jpg,0
daisy388.jpg,0
daisy389.jpg,0
daisy390.jpg,0
daisy391.jpg,0
daisy392.jpg,0
daisy393.jpg,0
daisy394.jpg,0
daisy395.jpg,0
daisy396.jpg,0
daisy397.jpg,0
daisy398.jpg,0
daisy399.jpg,0
daisy400.jpg,0
daisy401.jpg,0
daisy402.jpg,0
daisy403.jpg,0
daisy404.jpg,0
daisy405.jpg,0
daisy406.jpg,0
daisy407.jpg,0
daisy408.jpg,0
daisy409.jpg,0
daisy410.jpg,0
daisy411.jpg,0
daisy412.jpg,0
daisy413.jpg,0
daisy414.jpg,0
daisy415.jpg,0
daisy416.jpg,0
daisy417.jpg,0
daisy418.jpg,0
daisy419.jpg,0
daisy420.jpg,0
daisy421.jpg,0
daisy422.jpg,0
daisy423.jpg,0
daisy424.jpg,0
daisy425.jpg,0
daisy426.jpg,0
daisy427.jpg,0
daisy428.jpg,0
daisy429.jpg,0
daisy430.jpg,0
daisy431.jpg,0
daisy432.jpg,0
daisy433.jpg,0
daisy434.jpg,0
daisy435.jpg,0
daisy436.jpg,0
daisy437.jpg,0
daisy438.jpg,0
daisy439.jpg,0
daisy440.jpg,0
daisy441.jpg,0
daisy442.jpg,0
daisy443.jpg,0
daisy444.jpg,0
daisy445.jpg,0
daisy446.jpg,0
daisy447.jpg,0
daisy448.jpg,0
daisy449.jpg,0
daisy450.jpg,0
daisy451.jpg,0
daisy452.jpg,0
daisy453.jpg,0
daisy454.jpg,0
daisy455.jpg,0
daisy456.jpg,0
daisy457.jpg,0
daisy458.jpg,0
daisy459.jpg,0
daisy460.jpg,0
daisy461.jpg,0
daisy462.jpg,0
daisy463.jpg,0
daisy464.jpg,0
daisy465.jpg,0
daisy466.jpg,0
daisy467.jpg,0
daisy468.jpg,0
daisy469.jpg,0
daisy470.jpg,0
daisy471.jpg,0
daisy472.jpg,0
daisy473.jpg,0
daisy474.jpg,0
daisy475.jpg,0
daisy476.jpg,0
daisy477.jpg,0
daisy478.jpg,0
daisy479.jpg,0
daisy480.jpg,0
daisy481.jpg,0
daisy482.jpg,0
daisy483.jpg,0
daisy484.jpg,0
daisy485.jpg,0
daisy486.jpg,0
daisy487.jpg,0
daisy488.jpg,0
daisy489.jpg,0
daisy490.jpg,0
daisy491.jpg,0
daisy492.jpg,0
daisy493.jpg,0
daisy494.jpg,0
daisy495.jpg,0
daisy496.jpg,0
daisy497.jpg,0
daisy498.jpg,0
daisy499.jpg,0
daisy500.jpg,0
daisy501.jpg,0
daisy502.jpg,0
daisy503.jpg,0
daisy504.jpg,0
daisy505.jpg,0
daisy506.jpg,0
daisy507.jpg,0
daisy508.jpg,0
daisy509.jpg,0
daisy510.jpg,0
daisy511.jpg,0
daisy512.jpg,0
daisy513.jpg,0
daisy514.jpg,0
daisy515.jpg,0
daisy516.jpg,0
daisy517.jpg,0
daisy518.jpg,0
daisy519.jpg,0
daisy520.jpg,0
daisy521.jpg,0
daisy522.jpg,0
daisy523.jpg,0
daisy524.jpg,0
daisy525.jpg,0
daisy526.jpg,0
daisy527.jpg,0
daisy528.jpg,0
daisy529.jpg,0
daisy530.jpg,0
daisy531.jpg,0
daisy532.jpg,0
daisy533.jpg,0
daisy534.jpg,0
daisy535.jpg,0
daisy536.jpg,0
daisy537.jpg,0
daisy538.jpg,0
daisy539.jpg,0
daisy540.jpg,0
daisy541.jpg,0
daisy542.jpg,0
daisy543.jpg,0
daisy544.jpg,0
daisy545.jpg,0
daisy546.jpg,0
daisy547.jpg,0
daisy548.jpg,0
daisy549.jpg,0
daisy550.jpg,0
daisy551.jpg,0
daisy552.jpg,0
daisy553.jpg,0
daisy554.jpg,0
daisy555.jpg,0
daisy556.jpg,0
daisy557.jpg,0
daisy558.jpg,0
daisy559.jpg,0
daisy560.jpg,0
daisy561.jpg,0
daisy562.jpg,0
daisy563.jpg,0
daisy564.jpg,0
daisy565.jpg,0
daisy566.jpg,0
daisy567.jpg,0
daisy568.jpg,0
daisy569.jpg,0
dandelion1.jpg,1
dandelion2.jpg,1
dandelion3.jpg,1
dandelion4.jpg,1
dandelion5.jpg,1
dandelion6.jpg,1
dandelion7.jpg,1
dandelion8.jpg,1
dandelion9.jpg,1
dandelion10.jpg,1
dandelion11.jpg,1
dandelion12.jpg,1
dandelion13.jpg,1
dandelion14.jpg,1
dandelion15.jpg,1
dandelion16.jpg,1
dandelion17.jpg,1
dandelion18.jpg,1
dandelion19.jpg,1
dandelion20.jpg,1
dandelion21.jpg,1
dandelion22.jpg,1
dandelion23.jpg,1
dandelion24.jpg,1
dandelion25.jpg,1
dandelion26.jpg,1
dandelion27.jpg,1
dandelion28.jpg,1
dandelion29.jpg,1
dandelion30.jpg,1
dandelion31.jpg,1
dandelion32.jpg,1
dandelion33.jpg,1
dandelion34.jpg,1
dandelion35.jpg,1
dandelion36.jpg,1
dandelion37.jpg,1
dandelion38.jpg,1
dandelion39.jpg,1
dandelion40.jpg,1
dandelion41.jpg,1
dandelion42.jpg,1
dandelion43.jpg,1
dandelion44.jpg,1
dandelion45.jpg,1
dandelion46.jpg,1
dandelion47.jpg,1
dandelion48.jpg,1
dandelion49.jpg,1
dandelion50.jpg,1
dandelion51.jpg,1
dandelion52.jpg,1
dandelion53.jpg,1
dandelion54.jpg,1
dandelion55.jpg,1
dandelion56.jpg,1
dandelion57.jpg,1
dandelion58.jpg,1
dandelion59.jpg,1
dandelion60.jpg,1
dandelion61.jpg,1
dandelion62.jpg,1
dandelion63.jpg,1
dandelion64.jpg,1
dandelion65.jpg,1
dandelion66.jpg,1
dandelion67.jpg,1
dandelion68.jpg,1
dandelion69.jpg,1
dandelion70.jpg,1
dandelion71.jpg,1
dandelion72.jpg,1
dandelion73.jpg,1
dandelion74.jpg,1
dandelion75.jpg,1
dandelion76.jpg,1
dandelion77.jpg,1
dandelion78.jpg,1
dandelion79.jpg,1
dandelion80.jpg,1
dandelion81.jpg,1
dandelion82.jpg,1
dandelion83.jpg,1
dandelion84.jpg,1
dandelion85.jpg,1
dandelion86.jpg,1
dandelion87.jpg,1
dandelion88.jpg,1
dandelion89.jpg,1
dandelion90.jpg,1
dandelion91.jpg,1
dandelion92.jpg,1
dandelion93.jpg,1
dandelion94.jpg,1
dandelion95.jpg,1
dandelion96.jpg,1
dandelion97.jpg,1
dandelion98.jpg,1
dandelion99.jpg,1
dandelion100.jpg,1
dandelion101.jpg,1
dandelion102.jpg,1
dandelion103.jpg,1
dandelion104.jpg,1
dandelion105.jpg,1
dandelion106.jpg,1
dandelion107.jpg,1
dandelion108.jpg,1
dandelion109.jpg,1
dandelion110.jpg,1
dandelion111.jpg,1
dandelion112.jpg,1
dandelion113.jpg,1
dandelion114.jpg,1
dandelion115.jpg,1
dandelion116.jpg,1
dandelion117.jpg,1
dandelion118.jpg,1
dandelion119.jpg,1
dandelion120.jpg,1
dandelion121.jpg,1
dandelion122.jpg,1
dandelion123.jpg,1
dandelion124.jpg,1
dandelion125.jpg,1
dandelion126.jpg,1
dandelion127.jpg,1
dandelion128.jpg,1
dandelion129.jpg,1
dandelion130.jpg,1
dandelion131.jpg,1
dandelion132.jpg,1
dandelion133.jpg,1
dandelion134.jpg,1
dandelion135.jpg,1
dandelion136.jpg,1
dandelion137.jpg,1
dandelion138.jpg,1
dandelion139.jpg,1
dandelion140.jpg,1
dandelion141.jpg,1
dandelion142.jpg,1
dandelion143.jpg,1
dandelion144.jpg,1
dandelion145.jpg,1
dandelion146.jpg,1
dandelion147.jpg,1
dandelion148.jpg,1
dandelion149.jpg,1
dandelion150.jpg,1
dandelion151.jpg,1
dandelion152.jpg,1
dandelion153.jpg,1
dandelion154.jpg,1
dandelion155.jpg,1
dandelion156.jpg,1
dandelion157.jpg,1
dandelion158.jpg,1
dandelion159.jpg,1
dandelion160.jpg,1
dandelion161.jpg,1
dandelion162.jpg,1
dandelion163.jpg,1
dandelion164.jpg,1
dandelion165.jpg,1
dandelion166.jpg,1
dandelion167.jpg,1
dandelion168.jpg,1
dandelion169.jpg,1
dandelion170.jpg,1
dandelion171.jpg,1
dandelion172.jpg,1
dandelion173.jpg,1
dandelion174.jpg,1
dandelion175.jpg,1
dandelion176.jpg,1
dandelion177.jpg,1
dandelion178.jpg,1
dandelion179.jpg,1
dandelion180.jpg,1
dandelion181.jpg,1
dandelion182.jpg,1
dandelion183.jpg,1
dandelion184.jpg,1
dandelion185.jpg,1
dandelion186.jpg,1
dandelion187.jpg,1
dandelion188.jpg,1
dandelion189.jpg,1
dandelion190.jpg,1
dandelion191.jpg,1
dandelion192.jpg,1
dandelion193.jpg,1
dandelion194.jpg,1
dandelion195.jpg,1
dandelion196.jpg,1
dandelion197.jpg,1
dandelion198.jpg,1
dandelion199.jpg,1
dandelion200.jpg,1
dandelion201.jpg,1
dandelion202.jpg,1
dandelion203.jpg,1
dandelion204.jpg,1
dandelion205.jpg,1
dandelion206.jpg,1
dandelion207.jpg,1
dandelion208.jpg,1
dandelion209.jpg,1
dandelion210.jpg,1
dandelion211.jpg,1
dandelion212.jpg,1
dandelion213.jpg,1
dandelion214.jpg,1
dandelion215.jpg,1
dandelion216.jpg,1
dandelion217.jpg,1
dandelion218.jpg,1
dandelion219.jpg,1
dandelion220.jpg,1
dandelion221.jpg,1
dandelion222.jpg,1
dandelion223.jpg,1
dandelion224.jpg,1
dandelion225.jpg,1
dandelion226.jpg,1
dandelion227.jpg,1
dandelion228.jpg,1
dandelion229.jpg,1
dandelion230.jpg,1
dandelion231.jpg,1
dandelion232.jpg,1
dandelion233.jpg,1
dandelion234.jpg,1
dandelion235.jpg,1
dandelion236.jpg,1
dandelion237.jpg,1
dandelion238.jpg,1
dandelion239.jpg,1
dandelion240.jpg,1
dandelion241.jpg,1
dandelion242.jpg,1
dandelion243.jpg,1
dandelion244.jpg,1
dandelion245.jpg,1
dandelion246.jpg,1
dandelion247.jpg,1
dandelion248.jpg,1
dandelion249.jpg,1
dandelion250.jpg,1
dandelion251.jpg,1
dandelion252.jpg,1
dandelion253.jpg,1
dandelion254.jpg,1
dandelion255.jpg,1
dandelion256.jpg,1
dandelion257.jpg,1
dandelion258.jpg,1
dandelion259.jpg,1
dandelion260.jpg,1
dandelion261.jpg,1
dandelion262.jpg,1
dandelion263.jpg,1
dandelion264.jpg,1
dandelion265.jpg,1
dandelion266.jpg,1
dandelion267.jpg,1
dandelion268.jpg,1
dandelion269.jpg,1
dandelion270.jpg,1
dandelion271.jpg,1
dandelion272.jpg,1
dandelion273.jpg,1
dandelion274.jpg,1
dandelion275.jpg,1
dandelion276.jpg,1
dandelion277.jpg,1
dandelion278.jpg,1
dandelion279.jpg,1
dandelion280.jpg,1
dandelion281.jpg,1
dandelion282.jpg,1
dandelion283.jpg,1
dandelion284.jpg,1
dandelion285.jpg,1
dandelion286.jpg,1
dandelion287.jpg,1
dandelion288.jpg,1
dandelion289.jpg,1
dandelion290.jpg,1
dandelion291.jpg,1
dandelion292.jpg,1
dandelion293.jpg,1
dandelion294.jpg,1
dandelion295.jpg,1
dandelion296.jpg,1
dandelion297.jpg,1
dandelion298.jpg,1
dandelion299.jpg,1
dandelion300.jpg,1
dandelion301.jpg,1
dandelion302.jpg,1
dandelion303.jpg,1
dandelion304.jpg,1
dandelion305.jpg,1
dandelion306.jpg,1
dandelion307.jpg,1
dandelion308.jpg,1
dandelion309.jpg,1
dandelion310.jpg,1
dandelion311.jpg,1
dandelion312.jpg,1
dandelion313.jpg,1
dandelion314.jpg,1
dandelion315.jpg,1
dandelion316.jpg,1
dandelion317.jpg,1
dandelion318.jpg,1
dandelion319.jpg,1
dandelion320.jpg,1
dandelion321.jpg,1
dandelion322.jpg,1
dandelion323.jpg,1
dandelion324.jpg,1
dandelion325.jpg,1
dandelion326.jpg,1
dandelion327.jpg,1
dandelion328.jpg,1
dandelion329.jpg,1
dandelion330.jpg,1
dandelion331.jpg,1
dandelion332.jpg,1
dandelion333.jpg,1
dandelion334.jpg,1
dandelion335.jpg,1
dandelion336.jpg,1
dandelion337.jpg,1
dandelion338.jpg,1
dandelion339.jpg,1
dandelion340.jpg,1
dandelion341.jpg,1
dandelion342.jpg,1
dandelion343.jpg,1
dandelion344.jpg,1
dandelion345.jpg,1
dandelion346.jpg,1
dandelion347.jpg,1
dandelion348.jpg,1
dandelion349.jpg,1
dandelion350.jpg,1
dandelion351.jpg,1
dandelion352.jpg,1
dandelion353.jpg,1
dandelion354.jpg,1
dandelion355.jpg,1
dandelion356.jpg,1
dandelion357.jpg,1
dandelion358.jpg,1
dandelion359.jpg,1
dandelion360.jpg,1
dandelion361.jpg,1
dandelion362.jpg,1
dandelion363.jpg,1
dandelion364.jpg,1
dandelion365.jpg,1
dandelion366.jpg,1
dandelion367.jpg,1
dandelion368.jpg,1
dandelion369.jpg,1
dandelion370.jpg,1
dandelion371.jpg,1
dandelion372.jpg,1
dandelion373.jpg,1
dandelion374.jpg,1
dandelion375.jpg,1
dandelion376.jpg,1
dandelion377.jpg,1
dandelion378.jpg,1
dandelion379.jpg,1
dandelion380.jpg,1
dandelion381.jpg,1
dandelion382.jpg,1
dandelion383.jpg,1
dandelion384.jpg,1
dandelion385.jpg,1
dandelion386.jpg,1
dandelion387.jpg,1
dandelion388.jpg,1
dandelion389.jpg,1
dandelion390.jpg,1
dandelion391.jpg,1
dandelion392.jpg,1
dandelion393.jpg,1
dandelion394.jpg,1
dandelion395.jpg,1
dandelion396.jpg,1
dandelion397.jpg,1
dandelion398.jpg,1
dandelion399.jpg,1
dandelion400.jpg,1
dandelion401.jpg,1
dandelion402.jpg,1
dandelion403.jpg,1
dandelion404.jpg,1
dandelion405.jpg,1
dandelion406.jpg,1
dandelion407.jpg,1
dandelion408.jpg,1
dandelion409.jpg,1
dandelion410.jpg,1
dandelion411.jpg,1
dandelion412.jpg,1
dandelion413.jpg,1
dandelion414.jpg,1
dandelion415.jpg,1
dandelion416.jpg,1
dandelion417.jpg,1
dandelion418.jpg,1
dandelion419.jpg,1
dandelion420.jpg,1
dandelion421.jpg,1
dandelion422.jpg,1
dandelion423.jpg,1
dandelion424.jpg,1
dandelion425.jpg,1
dandelion426.jpg,1
dandelion427.jpg,1
dandelion428.jpg,1
dandelion429.jpg,1
dandelion430.jpg,1
dandelion431.jpg,1
dandelion432.jpg,1
dandelion433.jpg,1
dandelion434.jpg,1
dandelion435.jpg,1
dandelion436.jpg,1
dandelion437.jpg,1
dandelion438.jpg,1
dandelion439.jpg,1
dandelion440.jpg,1
dandelion441.jpg,1
dandelion442.jpg,1
dandelion443.jpg,1
dandelion444.jpg,1
dandelion445.jpg,1
dandelion446.jpg,1
dandelion447.jpg,1
dandelion448.jpg,1
dandelion449.jpg,1
dandelion450.jpg,1
dandelion451.jpg,1
dandelion452.jpg,1
dandelion453.jpg,1
dandelion454.jpg,1
dandelion455.jpg,1
dandelion456.jpg,1
dandelion457.jpg,1
dandelion458.jpg,1
dandelion459.jpg,1
dandelion460.jpg,1
dandelion461.jpg,1
dandelion462.jpg,1
dandelion463.jpg,1
dandelion464.jpg,1
dandelion465.jpg,1
dandelion466.jpg,1
dandelion467.jpg,1
dandelion468.jpg,1
dandelion469.jpg,1
dandelion470.jpg,1
dandelion471.jpg,1
dandelion472.jpg,1
dandelion473.jpg,1
dandelion474.jpg,1
dandelion475.jpg,1
dandelion476.jpg,1
dandelion477.jpg,1
dandelion478.jpg,1
dandelion479.jpg,1
dandelion480.jpg,1
dandelion481.jpg,1
dandelion482.jpg,1
dandelion483.jpg,1
dandelion484.jpg,1
dandelion485.jpg,1
dandelion486.jpg,1
dandelion487.jpg,1
dandelion488.jpg,1
dandelion489.jpg,1
dandelion490.jpg,1
dandelion491.jpg,1
dandelion492.jpg,1
dandelion493.jpg,1
dandelion494.jpg,1
dandelion495.jpg,1
dandelion496.jpg,1
dandelion497.jpg,1
dandelion498.jpg,1
dandelion499.jpg,1
dandelion500.jpg,1
dandelion501.jpg,1
dandelion502.jpg,1
dandelion503.jpg,1
dandelion504.jpg,1
dandelion505.jpg,1
dandelion506.jpg,1
dandelion507.jpg,1
dandelion508.jpg,1
dandelion509.jpg,1
dandelion510.jpg,1
dandelion511.jpg,1
dandelion512.jpg,1
dandelion513.jpg,1
dandelion514.jpg,1
dandelion515.jpg,1
dandelion516.jpg,1
dandelion517.jpg,1
dandelion518.jpg,1
dandelion519.jpg,1
dandelion520.jpg,1
dandelion521.jpg,1
dandelion522.jpg,1
dandelion523.jpg,1
dandelion524.jpg,1
dandelion525.jpg,1
dandelion526.jpg,1
dandelion527.jpg,1
dandelion528.jpg,1
dandelion529.jpg,1
dandelion530.jpg,1
dandelion531.jpg,1
dandelion532.jpg,1
dandelion533.jpg,1
dandelion534.jpg,1
dandelion535.jpg,1
dandelion536.jpg,1
dandelion537.jpg,1
dandelion538.jpg,1
dandelion539.jpg,1
dandelion540.jpg,1
dandelion541.jpg,1
dandelion542.jpg,1
dandelion543.jpg,1
dandelion544.jpg,1
dandelion545.jpg,1
dandelion546.jpg,1
dandelion547.jpg,1
dandelion548.jpg,1
dandelion549.jpg,1
dandelion550.jpg,1
dandelion551.jpg,1
dandelion552.jpg,1
dandelion553.jpg,1
dandelion554.jpg,1
dandelion555.jpg,1
dandelion556.jpg,1
dandelion557.jpg,1
dandelion558.jpg,1
dandelion559.jpg,1
dandelion560.jpg,1
dandelion561.jpg,1
dandelion562.jpg,1
dandelion563.jpg,1
dandelion564.jpg,1
dandelion565.jpg,1
dandelion566.jpg,1
dandelion567.jpg,1
dandelion568.jpg,1
dandelion569.jpg,1
dandelion570.jpg,1
dandelion571.jpg,1
dandelion572.jpg,1
dandelion573.jpg,1
dandelion574.jpg,1
dandelion575.jpg,1
dandelion576.jpg,1
dandelion577.jpg,1
dandelion578.jpg,1
dandelion579.jpg,1
dandelion580.jpg,1
dandelion581.jpg,1
dandelion582.jpg,1
dandelion583.jpg,1
dandelion584.jpg,1
dandelion585.jpg,1
dandelion586.jpg,1
dandelion587.jpg,1
dandelion588.jpg,1
dandelion589.jpg,1
dandelion590.jpg,1
dandelion591.jpg,1
dandelion592.jpg,1
dandelion593.jpg,1
dandelion594.jpg,1
dandelion595.jpg,1
dandelion596.jpg,1
dandelion597.jpg,1
dandelion598.jpg,1
dandelion599.jpg,1
dandelion600.jpg,1
dandelion601.jpg,1
dandelion602.jpg,1
dandelion603.jpg,1
dandelion604.jpg,1
dandelion605.jpg,1
dandelion606.jpg,1
dandelion607.jpg,1
dandelion608.jpg,1
dandelion609.jpg,1
dandelion610.jpg,1
dandelion611.jpg,1
dandelion612.jpg,1
dandelion613.jpg,1
dandelion614.jpg,1
dandelion615.jpg,1
dandelion616.jpg,1
dandelion617.jpg,1
dandelion618.jpg,1
dandelion619.jpg,1
dandelion620.jpg,1
dandelion621.jpg,1
dandelion622.jpg,1
dandelion623.jpg,1
dandelion624.jpg,1
dandelion625.jpg,1
dandelion626.jpg,1
dandelion627.jpg,1
dandelion628.jpg,1
dandelion629.jpg,1
dandelion630.jpg,1
dandelion631.jpg,1
dandelion632.jpg,1
dandelion633.jpg,1
dandelion634.jpg,1
dandelion635.jpg,1
dandelion636.jpg,1
dandelion637.jpg,1
dandelion638.jpg,1
dandelion639.jpg,1
dandelion640.jpg,1
dandelion641.jpg,1
dandelion642.jpg,1
dandelion643.jpg,1
dandelion644.jpg,1
dandelion645.jpg,1
dandelion646.jpg,1
dandelion647.jpg,1
dandelion648.jpg,1
dandelion649.jpg,1
dandelion650.jpg,1
dandelion651.jpg,1
dandelion652.jpg,1
dandelion653.jpg,1
dandelion654.jpg,1
dandelion655.jpg,1
dandelion656.jpg,1
dandelion657.jpg,1
dandelion658.jpg,1
dandelion659.jpg,1
dandelion660.jpg,1
dandelion661.jpg,1
dandelion662.jpg,1
dandelion663.jpg,1
dandelion664.jpg,1
dandelion665.jpg,1
dandelion666.jpg,1
dandelion667.jpg,1
dandelion668.jpg,1
dandelion669.jpg,1
dandelion670.jpg,1
dandelion671.jpg,1
dandelion672.jpg,1
dandelion673.jpg,1
dandelion674.jpg,1
dandelion675.jpg,1
dandelion676.jpg,1
dandelion677.jpg,1
dandelion678.jpg,1
dandelion679.jpg,1
dandelion680.jpg,1
dandelion681.jpg,1
dandelion682.jpg,1
dandelion683.jpg,1
dandelion684.jpg,1
dandelion685.jpg,1
dandelion686.jpg,1
dandelion687.jpg,1
dandelion688.jpg,1
dandelion689.jpg,1
dandelion690.jpg,1
dandelion691.jpg,1
dandelion692.jpg,1
dandelion693.jpg,1
dandelion694.jpg,1
dandelion695.jpg,1
dandelion696.jpg,1
dandelion697.jpg,1
dandelion698.jpg,1
dandelion699.jpg,1
dandelion700.jpg,1
dandelion701.jpg,1
dandelion702.jpg,1
dandelion703.jpg,1
dandelion704.jpg,1
dandelion705.jpg,1
dandelion706.jpg,1
dandelion707.jpg,1
dandelion708.jpg,1
dandelion709.jpg,1
dandelion710.jpg,1
dandelion711.jpg,1
dandelion712.jpg,1
dandelion713.jpg,1
dandelion714.jpg,1
dandelion715.jpg,1
dandelion716.jpg,1
dandelion717.jpg,1
dandelion718.jpg,1
dandelion719.jpg,1
dandelion720.jpg,1
dandelion721.jpg,1
dandelion722.jpg,1
dandelion723.jpg,1
dandelion724.jpg,1
dandelion725.jpg,1
dandelion726.jpg,1
dandelion727.jpg,1
dandelion728.jpg,1
dandelion729.jpg,1
dandelion730.jpg,1
dandelion731.jpg,1
dandelion732.jpg,1
dandelion733.jpg,1
dandelion734.jpg,1
dandelion735.jpg,1
dandelion736.jpg,1
dandelion737.jpg,1
dandelion738.jpg,1
dandelion739.jpg,1
dandelion740.jpg,1
dandelion741.jpg,1
dandelion742.jpg,1
dandelion743.jpg,1
dandelion744.jpg,1
dandelion745.jpg,1
dandelion746.jpg,1
dandelion747.jpg,1
dandelion748.jpg,1
dandelion749.jpg,1
dandelion750.jpg,1
dandelion751.jpg,1
dandelion752.jpg,1
dandelion753.jpg,1
dandelion754.jpg,1
dandelion755.jpg,1
dandelion756.jpg,1
dandelion757.jpg,1
dandelion758.jpg,1
dandelion759.jpg,1
dandelion760.jpg,1
dandelion761.jpg,1
dandelion762.jpg,1
dandelion763.jpg,1
dandelion764.jpg,1
dandelion765.jpg,1
dandelion766.jpg,1
dandelion767.jpg,1
dandelion768.jpg,1
dandelion769.jpg,1
dandelion770.jpg,1
dandelion771.jpg,1
dandelion772.jpg,1
dandelion773.jpg,1
dandelion774.jpg,1
dandelion775.jpg,1
dandelion776.jpg,1
dandelion777.jpg,1
dandelion778.jpg,1
dandelion779.jpg,1
dandelion780.jpg,1
dandelion781.jpg,1
dandelion782.jpg,1
dandelion783.jpg,1
dandelion784.jpg,1
dandelion785.jpg,1
dandelion786.jpg,1
dandelion787.jpg,1
dandelion788.jpg,1
dandelion789.jpg,1
dandelion790.jpg,1
dandelion791.jpg,1
dandelion792.jpg,1
dandelion793.jpg,1
dandelion794.jpg,1
dandelion795.jpg,1
dandelion796.jpg,1
dandelion797.jpg,1
dandelion798.jpg,1
dandelion799.jpg,1
dandelion800.jpg,1
dandelion801.jpg,1
dandelion802.jpg,1
dandelion803.jpg,1
dandelion804.jpg,1
dandelion805.jpg,1
dandelion806.jpg,1
dandelion807.jpg,1
dandelion808.jpg,1
roses1.jpg,2
roses2.jpg,2
roses3.jpg,2
roses4.jpg,2
roses5.jpg,2
roses6.jpg,2
roses7.jpg,2
roses8.jpg,2
roses9.jpg,2
roses10.jpg,2
roses11.jpg,2
roses12.jpg,2
roses13.jpg,2
roses14.jpg,2
roses15.jpg,2
roses16.jpg,2
roses17.jpg,2
roses18.jpg,2
roses19.jpg,2
roses20.jpg,2
roses21.jpg,2
roses22.jpg,2
roses23.jpg,2
roses24.jpg,2
roses25.jpg,2
roses26.jpg,2
roses27.jpg,2
roses28.jpg,2
roses29.jpg,2
roses30.jpg,2
roses31.jpg,2
roses32.jpg,2
roses33.jpg,2
roses34.jpg,2
roses35.jpg,2
roses36.jpg,2
roses37.jpg,2
roses38.jpg,2
roses39.jpg,2
roses40.jpg,2
roses41.jpg,2
roses42.jpg,2
roses43.jpg,2
roses44.jpg,2
roses45.jpg,2
roses46.jpg,2
roses47.jpg,2
roses48.jpg,2
roses49.jpg,2
roses50.jpg,2
roses51.jpg,2
roses52.jpg,2
roses53.jpg,2
roses54.jpg,2
roses55.jpg,2
roses56.jpg,2
roses57.jpg,2
roses58.jpg,2
roses59.jpg,2
roses60.jpg,2
roses61.jpg,2
roses62.jpg,2
roses63.jpg,2
roses64.jpg,2
roses65.jpg,2
roses66.jpg,2
roses67.jpg,2
roses68.jpg,2
roses69.jpg,2
roses70.jpg,2
roses71.jpg,2
roses72.jpg,2
roses73.jpg,2
roses74.jpg,2
roses75.jpg,2
roses76.jpg,2
roses77.jpg,2
roses78.jpg,2
roses79.jpg,2
roses80.jpg,2
roses81.jpg,2
roses82.jpg,2
roses83.jpg,2
roses84.jpg,2
roses85.jpg,2
roses86.jpg,2
roses87.jpg,2
roses88.jpg,2
roses89.jpg,2
roses90.jpg,2
roses91.jpg,2
roses92.jpg,2
roses93.jpg,2
roses94.jpg,2
roses95.jpg,2
roses96.jpg,2
roses97.jpg,2
roses98.jpg,2
roses99.jpg,2
roses100.jpg,2
roses101.jpg,2
roses102.jpg,2
roses103.jpg,2
roses104.jpg,2
roses105.jpg,2
roses106.jpg,2
roses107.jpg,2
roses108.jpg,2
roses109.jpg,2
roses110.jpg,2
roses111.jpg,2
roses112.jpg,2
roses113.jpg,2
roses114.jpg,2
roses115.jpg,2
roses116.jpg,2
roses117.jpg,2
roses118.jpg,2
roses119.jpg,2
roses120.jpg,2
roses121.jpg,2
roses122.jpg,2
roses123.jpg,2
roses124.jpg,2
roses125.jpg,2
roses126.jpg,2
roses127.jpg,2
roses128.jpg,2
roses129.jpg,2
roses130.jpg,2
roses131.jpg,2
roses132.jpg,2
roses133.jpg,2
roses134.jpg,2
roses135.jpg,2
roses136.jpg,2
roses137.jpg,2
roses138.jpg,2
roses139.jpg,2
roses140.jpg,2
roses141.jpg,2
roses142.jpg,2
roses143.jpg,2
roses144.jpg,2
roses145.jpg,2
roses146.jpg,2
roses147.jpg,2
roses148.jpg,2
roses149.jpg,2
roses150.jpg,2
roses151.jpg,2
roses152.jpg,2
roses153.jpg,2
roses154.jpg,2
roses155.jpg,2
roses156.jpg,2
roses157.jpg,2
roses158.jpg,2
roses159.jpg,2
roses160.jpg,2
roses161.jpg,2
roses162.jpg,2
roses163.jpg,2
roses164.jpg,2
roses165.jpg,2
roses166.jpg,2
roses167.jpg,2
roses168.jpg,2
roses169.jpg,2
roses170.jpg,2
roses171.jpg,2
roses172.jpg,2
roses173.jpg,2
roses174.jpg,2
roses175.jpg,2
roses176.jpg,2
roses177.jpg,2
roses178.jpg,2
roses179.jpg,2
roses180.jpg,2
roses181.jpg,2
roses182.jpg,2
roses183.jpg,2
roses184.jpg,2
roses185.jpg,2
roses186.jpg,2
roses187.jpg,2
roses188.jpg,2
roses189.jpg,2
roses190.jpg,2
roses191.jpg,2
roses192.jpg,2
roses193.jpg,2
roses194.jpg,2
roses195.jpg,2
roses196.jpg,2
roses197.jpg,2
roses198.jpg,2
roses199.jpg,2
roses200.jpg,2
roses201.jpg,2
roses202.jpg,2
roses203.jpg,2
roses204.jpg,2
roses205.jpg,2
roses206.jpg,2
roses207.jpg,2
roses208.jpg,2
roses209.jpg,2
roses210.jpg,2
roses211.jpg,2
roses212.jpg,2
roses213.jpg,2
roses214.jpg,2
roses215.jpg,2
roses216.jpg,2
roses217.jpg,2
roses218.jpg,2
roses219.jpg,2
roses220.jpg,2
roses221.jpg,2
roses222.jpg,2
roses223.jpg,2
roses224.jpg,2
roses225.jpg,2
roses226.jpg,2
roses227.jpg,2
roses228.jpg,2
roses229.jpg,2
roses230.jpg,2
roses231.jpg,2
roses232.jpg,2
roses233.jpg,2
roses234.jpg,2
roses235.jpg,2
roses236.jpg,2
roses237.jpg,2
roses238.jpg,2
roses239.jpg,2
roses240.jpg,2
roses241.jpg,2
roses242.jpg,2
roses243.jpg,2
roses244.jpg,2
roses245.jpg,2
roses246.jpg,2
roses247.jpg,2
roses248.jpg,2
roses249.jpg,2
roses250.jpg,2
roses251.jpg,2
roses252.jpg,2
roses253.jpg,2
roses254.jpg,2
roses255.jpg,2
roses256.jpg,2
roses257.jpg,2
roses258.jpg,2
roses259.jpg,2
roses260.jpg,2
roses261.jpg,2
roses262.jpg,2
roses263.jpg,2
roses264.jpg,2
roses265.jpg,2
roses266.jpg,2
roses267.jpg,2
roses268.jpg,2
roses269.jpg,2
roses270.jpg,2
roses271.jpg,2
roses272.jpg,2
roses273.jpg,2
roses274.jpg,2
roses275.jpg,2
roses276.jpg,2
roses277.jpg,2
roses278.jpg,2
roses279.jpg,2
roses280.jpg,2
roses281.jpg,2
roses282.jpg,2
roses283.jpg,2
roses284.jpg,2
roses285.jpg,2
roses286.jpg,2
roses287.jpg,2
roses288.jpg,2
roses289.jpg,2
roses290.jpg,2
roses291.jpg,2
roses292.jpg,2
roses293.jpg,2
roses294.jpg,2
roses295.jpg,2
roses296.jpg,2
roses297.jpg,2
roses298.jpg,2
roses299.jpg,2
roses300.jpg,2
roses301.jpg,2
roses302.jpg,2
roses303.jpg,2
roses304.jpg,2
roses305.jpg,2
roses306.jpg,2
roses307.jpg,2
roses308.jpg,2
roses309.jpg,2
roses310.jpg,2
roses311.jpg,2
roses312.jpg,2
roses313.jpg,2
roses314.jpg,2
roses315.jpg,2
roses316.jpg,2
roses317.jpg,2
roses318.jpg,2
roses319.jpg,2
roses320.jpg,2
roses321.jpg,2
roses322.jpg,2
roses323.jpg,2
roses324.jpg,2
roses325.jpg,2
roses326.jpg,2
roses327.jpg,2
roses328.jpg,2
roses329.jpg,2
roses330.jpg,2
roses331.jpg,2
roses332.jpg,2
roses333.jpg,2
roses334.jpg,2
roses335.jpg,2
roses336.jpg,2
roses337.jpg,2
roses338.jpg,2
roses339.jpg,2
roses340.jpg,2
roses341.jpg,2
roses342.jpg,2
roses343.jpg,2
roses344.jpg,2
roses345.jpg,2
roses346.jpg,2
roses347.jpg,2
roses348.jpg,2
roses349.jpg,2
roses350.jpg,2
roses351.jpg,2
roses352.jpg,2
roses353.jpg,2
roses354.jpg,2
roses355.jpg,2
roses356.jpg,2
roses357.jpg,2
roses358.jpg,2
roses359.jpg,2
roses360.jpg,2
roses361.jpg,2
roses362.jpg,2
roses363.jpg,2
roses364.jpg,2
roses365.jpg,2
roses366.jpg,2
roses367.jpg,2
roses368.jpg,2
roses369.jpg,2
roses370.jpg,2
roses371.jpg,2
roses372.jpg,2
roses373.jpg,2
roses374.jpg,2
roses375.jpg,2
roses376.jpg,2
roses377.jpg,2
roses378.jpg,2
roses379.jpg,2
roses380.jpg,2
roses381.jpg,2
roses382.jpg,2
roses383.jpg,2
roses384.jpg,2
roses385.jpg,2
roses386.jpg,2
roses387.jpg,2
roses388.jpg,2
roses389.jpg,2
roses390.jpg,2
roses391.jpg,2
roses392.jpg,2
roses393.jpg,2
roses394.jpg,2
roses395.jpg,2
roses396.jpg,2
roses397.jpg,2
roses398.jpg,2
roses399.jpg,2
roses400.jpg,2
roses401.jpg,2
roses402.jpg,2
roses403.jpg,2
roses404.jpg,2
roses405.jpg,2
roses406.jpg,2
roses407.jpg,2
roses408.jpg,2
roses409.jpg,2
roses410.jpg,2
roses411.jpg,2
roses412.jpg,2
roses413.jpg,2
roses414.jpg,2
roses415.jpg,2
roses416.jpg,2
roses417.jpg,2
roses418.jpg,2
roses419.jpg,2
roses420.jpg,2
roses421.jpg,2
roses422.jpg,2
roses423.jpg,2
roses424.jpg,2
roses425.jpg,2
roses426.jpg,2
roses427.jpg,2
roses428.jpg,2
roses429.jpg,2
roses430.jpg,2
roses431.jpg,2
roses432.jpg,2
roses433.jpg,2
roses434.jpg,2
roses435.jpg,2
roses436.jpg,2
roses437.jpg,2
roses438.jpg,2
roses439.jpg,2
roses440.jpg,2
roses441.jpg,2
roses442.jpg,2
roses443.jpg,2
roses444.jpg,2
roses445.jpg,2
roses446.jpg,2
roses447.jpg,2
roses448.jpg,2
roses449.jpg,2
roses450.jpg,2
roses451.jpg,2
roses452.jpg,2
roses453.jpg,2
roses454.jpg,2
roses455.jpg,2
roses456.jpg,2
roses457.jpg,2
roses458.jpg,2
roses459.jpg,2
roses460.jpg,2
roses461.jpg,2
roses462.jpg,2
roses463.jpg,2
roses464.jpg,2
roses465.jpg,2
roses466.jpg,2
roses467.jpg,2
roses468.jpg,2
roses469.jpg,2
roses470.jpg,2
roses471.jpg,2
roses472.jpg,2
roses473.jpg,2
roses474.jpg,2
roses475.jpg,2
roses476.jpg,2
roses477.jpg,2
roses478.jpg,2
roses479.jpg,2
roses480.jpg,2
roses481.jpg,2
roses482.jpg,2
roses483.jpg,2
roses484.jpg,2
roses485.jpg,2
roses486.jpg,2
roses487.jpg,2
roses488.jpg,2
roses489.jpg,2
roses490.jpg,2
roses491.jpg,2
roses492.jpg,2
roses493.jpg,2
roses494.jpg,2
roses495.jpg,2
roses496.jpg,2
roses497.jpg,2
roses498.jpg,2
roses499.jpg,2
roses500.jpg,2
roses501.jpg,2
roses502.jpg,2
roses503.jpg,2
roses504.jpg,2
roses505.jpg,2
roses506.jpg,2
roses507.jpg,2
roses508.jpg,2
roses509.jpg,2
roses510.jpg,2
roses511.jpg,2
roses512.jpg,2
roses513.jpg,2
roses514.jpg,2
roses515.jpg,2
roses516.jpg,2
roses517.jpg,2
roses518.jpg,2
roses519.jpg,2
roses520.jpg,2
roses521.jpg,2
roses522.jpg,2
roses523.jpg,2
roses524.jpg,2
roses525.jpg,2
roses526.jpg,2
roses527.jpg,2
roses528.jpg,2
roses529.jpg,2
roses530.jpg,2
roses531.jpg,2
roses532.jpg,2
roses533.jpg,2
roses534.jpg,2
roses535.jpg,2
roses536.jpg,2
roses537.jpg,2
roses538.jpg,2
roses539.jpg,2
roses540.jpg,2
roses541.jpg,2
roses542.jpg,2
roses543.jpg,2
roses544.jpg,2
roses545.jpg,2
roses546.jpg,2
roses547.jpg,2
roses548.jpg,2
roses549.jpg,2
roses550.jpg,2
roses551.jpg,2
roses552.jpg,2
roses553.jpg,2
roses554.jpg,2
roses555.jpg,2
roses556.jpg,2
roses557.jpg,2
roses558.jpg,2
roses559.jpg,2
roses560.jpg,2
roses561.jpg,2
roses562.jpg,2
roses563.jpg,2
roses564.jpg,2
roses565.jpg,2
roses566.jpg,2
roses567.jpg,2
roses568.jpg,2
roses569.jpg,2
roses570.jpg,2
roses571.jpg,2
roses572.jpg,2
roses573.jpg,2
roses574.jpg,2
roses575.jpg,2
roses576.jpg,2
sunflowers1.jpg,3
sunflowers2.jpg,3
sunflowers3.jpg,3
sunflowers4.jpg,3
sunflowers5.jpg,3
sunflowers6.jpg,3
sunflowers7.jpg,3
sunflowers8.jpg,3
sunflowers9.jpg,3
sunflowers10.jpg,3
sunflowers11.jpg,3
sunflowers12.jpg,3
sunflowers13.jpg,3
sunflowers14.jpg,3
sunflowers15.jpg,3
sunflowers16.jpg,3
sunflowers17.jpg,3
sunflowers18.jpg,3
sunflowers19.jpg,3
sunflowers20.jpg,3
sunflowers21.jpg,3
sunflowers22.jpg,3
sunflowers23.jpg,3
sunflowers24.jpg,3
sunflowers25.jpg,3
sunflowers26.jpg,3
sunflowers27.jpg,3
sunflowers28.jpg,3
sunflowers29.jpg,3
sunflowers30.jpg,3
sunflowers31.jpg,3
sunflowers32.jpg,3
sunflowers33.jpg,3
sunflowers34.jpg,3
sunflowers35.jpg,3
sunflowers36.jpg,3
sunflowers37.jpg,3
sunflowers38.jpg,3
sunflowers39.jpg,3
sunflowers40.jpg,3
sunflowers41.jpg,3
sunflowers42.jpg,3
sunflowers43.jpg,3
sunflowers44.jpg,3
sunflowers45.jpg,3
sunflowers46.jpg,3
sunflowers47.jpg,3
sunflowers48.jpg,3
sunflowers49.jpg,3
sunflowers50.jpg,3
sunflowers51.jpg,3
sunflowers52.jpg,3
sunflowers53.jpg,3
sunflowers54.jpg,3
sunflowers55.jpg,3
sunflowers56.jpg,3
sunflowers57.jpg,3
sunflowers58.jpg,3
sunflowers59.jpg,3
sunflowers60.jpg,3
sunflowers61.jpg,3
sunflowers62.jpg,3
sunflowers63.jpg,3
sunflowers64.jpg,3
sunflowers65.jpg,3
sunflowers66.jpg,3
sunflowers67.jpg,3
sunflowers68.jpg,3
sunflowers69.jpg,3
sunflowers70.jpg,3
sunflowers71.jpg,3
sunflowers72.jpg,3
sunflowers73.jpg,3
sunflowers74.jpg,3
sunflowers75.jpg,3
sunflowers76.jpg,3
sunflowers77.jpg,3
sunflowers78.jpg,3
sunflowers79.jpg,3
sunflowers80.jpg,3
sunflowers81.jpg,3
sunflowers82.jpg,3
sunflowers83.jpg,3
sunflowers84.jpg,3
sunflowers85.jpg,3
sunflowers86.jpg,3
sunflowers87.jpg,3
sunflowers88.jpg,3
sunflowers89.jpg,3
sunflowers90.jpg,3
sunflowers91.jpg,3
sunflowers92.jpg,3
sunflowers93.jpg,3
sunflowers94.jpg,3
sunflowers95.jpg,3
sunflowers96.jpg,3
sunflowers97.jpg,3
sunflowers98.jpg,3
sunflowers99.jpg,3
sunflowers100.jpg,3
sunflowers101.jpg,3
sunflowers102.jpg,3
sunflowers103.jpg,3
sunflowers104.jpg,3
sunflowers105.jpg,3
sunflowers106.jpg,3
sunflowers107.jpg,3
sunflowers108.jpg,3
sunflowers109.jpg,3
sunflowers110.jpg,3
sunflowers111.jpg,3
sunflowers112.jpg,3
sunflowers113.jpg,3
sunflowers114.jpg,3
sunflowers115.jpg,3
sunflowers116.jpg,3
sunflowers117.jpg,3
sunflowers118.jpg,3
sunflowers119.jpg,3
sunflowers120.jpg,3
sunflowers121.jpg,3
sunflowers122.jpg,3
sunflowers123.jpg,3
sunflowers124.jpg,3
sunflowers125.jpg,3
sunflowers126.jpg,3
sunflowers127.jpg,3
sunflowers128.jpg,3
sunflowers129.jpg,3
sunflowers130.jpg,3
sunflowers131.jpg,3
sunflowers132.jpg,3
sunflowers133.jpg,3
sunflowers134.jpg,3
sunflowers135.jpg,3
sunflowers136.jpg,3
sunflowers137.jpg,3
sunflowers138.jpg,3
sunflowers139.jpg,3
sunflowers140.jpg,3
sunflowers141.jpg,3
sunflowers142.jpg,3
sunflowers143.jpg,3
sunflowers144.jpg,3
sunflowers145.jpg,3
sunflowers146.jpg,3
sunflowers147.jpg,3
sunflowers148.jpg,3
sunflowers149.jpg,3
sunflowers150.jpg,3
sunflowers151.jpg,3
sunflowers152.jpg,3
sunflowers153.jpg,3
sunflowers154.jpg,3
sunflowers155.jpg,3
sunflowers156.jpg,3
sunflowers157.jpg,3
sunflowers158.jpg,3
sunflowers159.jpg,3
sunflowers160.jpg,3
sunflowers161.jpg,3
sunflowers162.jpg,3
sunflowers163.jpg,3
sunflowers164.jpg,3
sunflowers165.jpg,3
sunflowers166.jpg,3
sunflowers167.jpg,3
sunflowers168.jpg,3
sunflowers169.jpg,3
sunflowers170.jpg,3
sunflowers171.jpg,3
sunflowers172.jpg,3
sunflowers173.jpg,3
sunflowers174.jpg,3
sunflowers175.jpg,3
sunflowers176.jpg,3
sunflowers177.jpg,3
sunflowers178.jpg,3
sunflowers179.jpg,3
sunflowers180.jpg,3
sunflowers181.jpg,3
sunflowers182.jpg,3
sunflowers183.jpg,3
sunflowers184.jpg,3
sunflowers185.jpg,3
sunflowers186.jpg,3
sunflowers187.jpg,3
sunflowers188.jpg,3
sunflowers189.jpg,3
sunflowers190.jpg,3
sunflowers191.jpg,3
sunflowers192.jpg,3
sunflowers193.jpg,3
sunflowers194.jpg,3
sunflowers195.jpg,3
sunflowers196.jpg,3
sunflowers197.jpg,3
sunflowers198.jpg,3
sunflowers199.jpg,3
sunflowers200.jpg,3
sunflowers201.jpg,3
sunflowers202.jpg,3
sunflowers203.jpg,3
sunflowers204.jpg,3
sunflowers205.jpg,3
sunflowers206.jpg,3
sunflowers207.jpg,3
sunflowers208.jpg,3
sunflowers209.jpg,3
sunflowers210.jpg,3
sunflowers211.jpg,3
sunflowers212.jpg,3
sunflowers213.jpg,3
sunflowers214.jpg,3
sunflowers215.jpg,3
sunflowers216.jpg,3
sunflowers217.jpg,3
sunflowers218.jpg,3
sunflowers219.jpg,3
sunflowers220.jpg,3
sunflowers221.jpg,3
sunflowers222.jpg,3
sunflowers223.jpg,3
sunflowers224.jpg,3
sunflowers225.jpg,3
sunflowers226.jpg,3
sunflowers227.jpg,3
sunflowers228.jpg,3
sunflowers229.jpg,3
sunflowers230.jpg,3
sunflowers231.jpg,3
sunflowers232.jpg,3
sunflowers233.jpg,3
sunflowers234.jpg,3
sunflowers235.jpg,3
sunflowers236.jpg,3
sunflowers237.jpg,3
sunflowers238.jpg,3
sunflowers239.jpg,3
sunflowers240.jpg,3
sunflowers241.jpg,3
sunflowers242.jpg,3
sunflowers243.jpg,3
sunflowers244.jpg,3
sunflowers245.jpg,3
sunflowers246.jpg,3
sunflowers247.jpg,3
sunflowers248.jpg,3
sunflowers249.jpg,3
sunflowers250.jpg,3
sunflowers251.jpg,3
sunflowers252.jpg,3
sunflowers253.jpg,3
sunflowers254.jpg,3
sunflowers255.jpg,3
sunflowers256.jpg,3
sunflowers257.jpg,3
sunflowers258.jpg,3
sunflowers259.jpg,3
sunflowers260.jpg,3
sunflowers261.jpg,3
sunflowers262.jpg,3
sunflowers263.jpg,3
sunflowers264.jpg,3
sunflowers265.jpg,3
sunflowers266.jpg,3
sunflowers267.jpg,3
sunflowers268.jpg,3
sunflowers269.jpg,3
sunflowers270.jpg,3
sunflowers271.jpg,3
sunflowers272.jpg,3
sunflowers273.jpg,3
sunflowers274.jpg,3
sunflowers275.jpg,3
sunflowers276.jpg,3
sunflowers277.jpg,3
sunflowers278.jpg,3
sunflowers279.jpg,3
sunflowers280.jpg,3
sunflowers281.jpg,3
sunflowers282.jpg,3
sunflowers283.jpg,3
sunflowers284.jpg,3
sunflowers285.jpg,3
sunflowers286.jpg,3
sunflowers287.jpg,3
sunflowers288.jpg,3
sunflowers289.jpg,3
sunflowers290.jpg,3
sunflowers291.jpg,3
sunflowers292.jpg,3
sunflowers293.jpg,3
sunflowers294.jpg,3
sunflowers295.jpg,3
sunflowers296.jpg,3
sunflowers297.jpg,3
sunflowers298.jpg,3
sunflowers299.jpg,3
sunflowers300.jpg,3
sunflowers301.jpg,3
sunflowers302.jpg,3
sunflowers303.jpg,3
sunflowers304.jpg,3
sunflowers305.jpg,3
sunflowers306.jpg,3
sunflowers307.jpg,3
sunflowers308.jpg,3
sunflowers309.jpg,3
sunflowers310.jpg,3
sunflowers311.jpg,3
sunflowers312.jpg,3
sunflowers313.jpg,3
sunflowers314.jpg,3
sunflowers315.jpg,3
sunflowers316.jpg,3
sunflowers317.jpg,3
sunflowers318.jpg,3
sunflowers319.jpg,3
sunflowers320.jpg,3
sunflowers321.jpg,3
sunflowers322.jpg,3
sunflowers323.jpg,3
sunflowers324.jpg,3
sunflowers325.jpg,3
sunflowers326.jpg,3
sunflowers327.jpg,3
sunflowers328.jpg,3
sunflowers329.jpg,3
sunflowers330.jpg,3
sunflowers331.jpg,3
sunflowers332.jpg,3
sunflowers333.jpg,3
sunflowers334.jpg,3
sunflowers335.jpg,3
sunflowers336.jpg,3
sunflowers337.jpg,3
sunflowers338.jpg,3
sunflowers339.jpg,3
sunflowers340.jpg,3
sunflowers341.jpg,3
sunflowers342.jpg,3
sunflowers343.jpg,3
sunflowers344.jpg,3
sunflowers345.jpg,3
sunflowers346.jpg,3
sunflowers347.jpg,3
sunflowers348.jpg,3
sunflowers349.jpg,3
sunflowers350.jpg,3
sunflowers351.jpg,3
sunflowers352.jpg,3
sunflowers353.jpg,3
sunflowers354.jpg,3
sunflowers355.jpg,3
sunflowers356.jpg,3
sunflowers357.jpg,3
sunflowers358.jpg,3
sunflowers359.jpg,3
sunflowers360.jpg,3
sunflowers361.jpg,3
sunflowers362.jpg,3
sunflowers363.jpg,3
sunflowers364.jpg,3
sunflowers365.jpg,3
sunflowers366.jpg,3
sunflowers367.jpg,3
sunflowers368.jpg,3
sunflowers369.jpg,3
sunflowers370.jpg,3
sunflowers371.jpg,3
sunflowers372.jpg,3
sunflowers373.jpg,3
sunflowers374.jpg,3
sunflowers375.jpg,3
sunflowers376.jpg,3
sunflowers377.jpg,3
sunflowers378.jpg,3
sunflowers379.jpg,3
sunflowers380.jpg,3
sunflowers381.jpg,3
sunflowers382.jpg,3
sunflowers383.jpg,3
sunflowers384.jpg,3
sunflowers385.jpg,3
sunflowers386.jpg,3
sunflowers387.jpg,3
sunflowers388.jpg,3
sunflowers389.jpg,3
sunflowers390.jpg,3
sunflowers391.jpg,3
sunflowers392.jpg,3
sunflowers393.jpg,3
sunflowers394.jpg,3
sunflowers395.jpg,3
sunflowers396.jpg,3
sunflowers397.jpg,3
sunflowers398.jpg,3
sunflowers399.jpg,3
sunflowers400.jpg,3
sunflowers401.jpg,3
sunflowers402.jpg,3
sunflowers403.jpg,3
sunflowers404.jpg,3
sunflowers405.jpg,3
sunflowers406.jpg,3
sunflowers407.jpg,3
sunflowers408.jpg,3
sunflowers409.jpg,3
sunflowers410.jpg,3
sunflowers411.jpg,3
sunflowers412.jpg,3
sunflowers413.jpg,3
sunflowers414.jpg,3
sunflowers415.jpg,3
sunflowers416.jpg,3
sunflowers417.jpg,3
sunflowers418.jpg,3
sunflowers419.jpg,3
sunflowers420.jpg,3
sunflowers421.jpg,3
sunflowers422.jpg,3
sunflowers423.jpg,3
sunflowers424.jpg,3
sunflowers425.jpg,3
sunflowers426.jpg,3
sunflowers427.jpg,3
sunflowers428.jpg,3
sunflowers429.jpg,3
sunflowers430.jpg,3
sunflowers431.jpg,3
sunflowers432.jpg,3
sunflowers433.jpg,3
sunflowers434.jpg,3
sunflowers435.jpg,3
sunflowers436.jpg,3
sunflowers437.jpg,3
sunflowers438.jpg,3
sunflowers439.jpg,3
sunflowers440.jpg,3
sunflowers441.jpg,3
sunflowers442.jpg,3
sunflowers443.jpg,3
sunflowers444.jpg,3
sunflowers445.jpg,3
sunflowers446.jpg,3
sunflowers447.jpg,3
sunflowers448.jpg,3
sunflowers449.jpg,3
sunflowers450.jpg,3
sunflowers451.jpg,3
sunflowers452.jpg,3
sunflowers453.jpg,3
sunflowers454.jpg,3
sunflowers455.jpg,3
sunflowers456.jpg,3
sunflowers457.jpg,3
sunflowers458.jpg,3
sunflowers459.jpg,3
sunflowers460.jpg,3
sunflowers461.jpg,3
sunflowers462.jpg,3
sunflowers463.jpg,3
sunflowers464.jpg,3
sunflowers465.jpg,3
sunflowers466.jpg,3
sunflowers467.jpg,3
sunflowers468.jpg,3
sunflowers469.jpg,3
sunflowers470.jpg,3
sunflowers471.jpg,3
sunflowers472.jpg,3
sunflowers473.jpg,3
sunflowers474.jpg,3
sunflowers475.jpg,3
sunflowers476.jpg,3
sunflowers477.jpg,3
sunflowers478.jpg,3
sunflowers479.jpg,3
sunflowers480.jpg,3
sunflowers481.jpg,3
sunflowers482.jpg,3
sunflowers483.jpg,3
sunflowers484.jpg,3
sunflowers485.jpg,3
sunflowers486.jpg,3
sunflowers487.jpg,3
sunflowers488.jpg,3
sunflowers489.jpg,3
sunflowers490.jpg,3
sunflowers491.jpg,3
sunflowers492.jpg,3
sunflowers493.jpg,3
sunflowers494.jpg,3
sunflowers495.jpg,3
sunflowers496.jpg,3
sunflowers497.jpg,3
sunflowers498.jpg,3
sunflowers499.jpg,3
sunflowers500.jpg,3
sunflowers501.jpg,3
sunflowers502.jpg,3
sunflowers503.jpg,3
sunflowers504.jpg,3
sunflowers505.jpg,3
sunflowers506.jpg,3
sunflowers507.jpg,3
sunflowers508.jpg,3
sunflowers509.jpg,3
sunflowers510.jpg,3
sunflowers511.jpg,3
sunflowers512.jpg,3
sunflowers513.jpg,3
sunflowers514.jpg,3
sunflowers515.jpg,3
sunflowers516.jpg,3
sunflowers517.jpg,3
sunflowers518.jpg,3
sunflowers519.jpg,3
sunflowers520.jpg,3
sunflowers521.jpg,3
sunflowers522.jpg,3
sunflowers523.jpg,3
sunflowers524.jpg,3
sunflowers525.jpg,3
sunflowers526.jpg,3
sunflowers527.jpg,3
sunflowers528.jpg,3
sunflowers529.jpg,3
sunflowers530.jpg,3
sunflowers531.jpg,3
sunflowers532.jpg,3
sunflowers533.jpg,3
sunflowers534.jpg,3
sunflowers535.jpg,3
sunflowers536.jpg,3
sunflowers537.jpg,3
sunflowers538.jpg,3
sunflowers539.jpg,3
sunflowers540.jpg,3
sunflowers541.jpg,3
sunflowers542.jpg,3
sunflowers543.jpg,3
sunflowers544.jpg,3
sunflowers545.jpg,3
sunflowers546.jpg,3
sunflowers547.jpg,3
sunflowers548.jpg,3
sunflowers549.jpg,3
sunflowers550.jpg,3
sunflowers551.jpg,3
sunflowers552.jpg,3
sunflowers553.jpg,3
sunflowers554.jpg,3
sunflowers555.jpg,3
sunflowers556.jpg,3
sunflowers557.jpg,3
sunflowers558.jpg,3
sunflowers559.jpg,3
sunflowers560.jpg,3
sunflowers561.jpg,3
sunflowers562.jpg,3
sunflowers563.jpg,3
sunflowers564.jpg,3
sunflowers565.jpg,3
sunflowers566.jpg,3
sunflowers567.jpg,3
sunflowers568.jpg,3
sunflowers569.jpg,3
sunflowers570.jpg,3
sunflowers571.jpg,3
sunflowers572.jpg,3
sunflowers573.jpg,3
sunflowers574.jpg,3
sunflowers575.jpg,3
sunflowers576.jpg,3
sunflowers577.jpg,3
sunflowers578.jpg,3
sunflowers579.jpg,3
sunflowers580.jpg,3
sunflowers581.jpg,3
sunflowers582.jpg,3
sunflowers583.jpg,3
sunflowers584.jpg,3
sunflowers585.jpg,3
sunflowers586.jpg,3
sunflowers587.jpg,3
sunflowers588.jpg,3
sunflowers589.jpg,3
sunflowers590.jpg,3
sunflowers591.jpg,3
sunflowers592.jpg,3
sunflowers593.jpg,3
sunflowers594.jpg,3
sunflowers595.jpg,3
sunflowers596.jpg,3
sunflowers597.jpg,3
sunflowers598.jpg,3
sunflowers599.jpg,3
sunflowers600.jpg,3
sunflowers601.jpg,3
sunflowers602.jpg,3
sunflowers603.jpg,3
sunflowers604.jpg,3
sunflowers605.jpg,3
sunflowers606.jpg,3
sunflowers607.jpg,3
sunflowers608.jpg,3
sunflowers609.jpg,3
sunflowers610.jpg,3
sunflowers611.jpg,3
sunflowers612.jpg,3
sunflowers613.jpg,3
sunflowers614.jpg,3
sunflowers615.jpg,3
sunflowers616.jpg,3
sunflowers617.jpg,3
sunflowers618.jpg,3
sunflowers619.jpg,3
sunflowers620.jpg,3
sunflowers621.jpg,3
sunflowers622.jpg,3
sunflowers623.jpg,3
sunflowers624.jpg,3
sunflowers625.jpg,3
sunflowers626.jpg,3
sunflowers627.jpg,3
sunflowers628.jpg,3
sunflowers629.jpg,3
tulips1.jpg,4
tulips2.jpg,4
tulips3.jpg,4
tulips4.jpg,4
tulips5.jpg,4
tulips6.jpg,4
tulips7.jpg,4
tulips8.jpg,4
tulips9.jpg,4
tulips10.jpg,4
tulips11.jpg,4
tulips12.jpg,4
tulips13.jpg,4
tulips14.jpg,4
tulips15.jpg,4
tulips16.jpg,4
tulips17.jpg,4
tulips18.jpg,4
tulips19.jpg,4
tulips20.jpg,4
tulips21.jpg,4
tulips22.jpg,4
tulips23.jpg,4
tulips24.jpg,4
tulips25.jpg,4
tulips26.jpg,4
tulips27.jpg,4
tulips28.jpg,4
tulips29.jpg,4
tulips30.jpg,4
tulips31.jpg,4
tulips32.jpg,4
tulips33.jpg,4
tulips34.jpg,4
tulips35.jpg,4
tulips36.jpg,4
tulips37.jpg,4
tulips38.jpg,4
tulips39.jpg,4
tulips40.jpg,4
tulips41.jpg,4
tulips42.jpg,4
tulips43.jpg,4
tulips44.jpg,4
tulips45.jpg,4
tulips46.jpg,4
tulips47.jpg,4
tulips48.jpg,4
tulips49.jpg,4
tulips50.jpg,4
tulips51.jpg,4
tulips52.jpg,4
tulips53.jpg,4
tulips54.jpg,4
tulips55.jpg,4
tulips56.jpg,4
tulips57.jpg,4
tulips58.jpg,4
tulips59.jpg,4
tulips60.jpg,4
tulips61.jpg,4
tulips62.jpg,4
tulips63.jpg,4
tulips64.jpg,4
tulips65.jpg,4
tulips66.jpg,4
tulips67.jpg,4
tulips68.jpg,4
tulips69.jpg,4
tulips70.jpg,4
tulips71.jpg,4
tulips72.jpg,4
tulips73.jpg,4
tulips74.jpg,4
tulips75.jpg,4
tulips76.jpg,4
tulips77.jpg,4
tulips78.jpg,4
tulips79.jpg,4
tulips80.jpg,4
tulips81.jpg,4
tulips82.jpg,4
tulips83.jpg,4
tulips84.jpg,4
tulips85.jpg,4
tulips86.jpg,4
tulips87.jpg,4
tulips88.jpg,4
tulips89.jpg,4
tulips90.jpg,4
tulips91.jpg,4
tulips92.jpg,4
tulips93.jpg,4
tulips94.jpg,4
tulips95.jpg,4
tulips96.jpg,4
tulips97.jpg,4
tulips98.jpg,4
tulips99.jpg,4
tulips100.jpg,4
tulips101.jpg,4
tulips102.jpg,4
tulips103.jpg,4
tulips104.jpg,4
tulips105.jpg,4
tulips106.jpg,4
tulips107.jpg,4
tulips108.jpg,4
tulips109.jpg,4
tulips110.jpg,4
tulips111.jpg,4
tulips112.jpg,4
tulips113.jpg,4
tulips114.jpg,4
tulips115.jpg,4
tulips116.jpg,4
tulips117.jpg,4
tulips118.jpg,4
tulips119.jpg,4
tulips120.jpg,4
tulips121.jpg,4
tulips122.jpg,4
tulips123.jpg,4
tulips124.jpg,4
tulips125.jpg,4
tulips126.jpg,4
tulips127.jpg,4
tulips128.jpg,4
tulips129.jpg,4
tulips130.jpg,4
tulips131.jpg,4
tulips132.jpg,4
tulips133.jpg,4
tulips134.jpg,4
tulips135.jpg,4
tulips136.jpg,4
tulips137.jpg,4
tulips138.jpg,4
tulips139.jpg,4
tulips140.jpg,4
tulips141.jpg,4
tulips142.jpg,4
tulips143.jpg,4
tulips144.jpg,4
tulips145.jpg,4
tulips146.jpg,4
tulips147.jpg,4
tulips148.jpg,4
tulips149.jpg,4
tulips150.jpg,4
tulips151.jpg,4
tulips152.jpg,4
tulips153.jpg,4
tulips154.jpg,4
tulips155.jpg,4
tulips156.jpg,4
tulips157.jpg,4
tulips158.jpg,4
tulips159.jpg,4
tulips160.jpg,4
tulips161.jpg,4
tulips162.jpg,4
tulips163.jpg,4
tulips164.jpg,4
tulips165.jpg,4
tulips166.jpg,4
tulips167.jpg,4
tulips168.jpg,4
tulips169.jpg,4
tulips170.jpg,4
tulips171.jpg,4
tulips172.jpg,4
tulips173.jpg,4
tulips174.jpg,4
tulips175.jpg,4
tulips176.jpg,4
tulips177.jpg,4
tulips178.jpg,4
tulips179.jpg,4
tulips180.jpg,4
tulips181.jpg,4
tulips182.jpg,4
tulips183.jpg,4
tulips184.jpg,4
tulips185.jpg,4
tulips186.jpg,4
tulips187.jpg,4
tulips188.jpg,4
tulips189.jpg,4
tulips190.jpg,4
tulips191.jpg,4
tulips192.jpg,4
tulips193.jpg,4
tulips194.jpg,4
tulips195.jpg,4
tulips196.jpg,4
tulips197.jpg,4
tulips198.jpg,4
tulips199.jpg,4
tulips200.jpg,4
tulips201.jpg,4
tulips202.jpg,4
tulips203.jpg,4
tulips204.jpg,4
tulips205.jpg,4
tulips206.jpg,4
tulips207.jpg,4
tulips208.jpg,4
tulips209.jpg,4
tulips210.jpg,4
tulips211.jpg,4
tulips212.jpg,4
tulips213.jpg,4
tulips214.jpg,4
tulips215.jpg,4
tulips216.jpg,4
tulips217.jpg,4
tulips218.jpg,4
tulips219.jpg,4
tulips220.jpg,4
tulips221.jpg,4
tulips222.jpg,4
tulips223.jpg,4
tulips224.jpg,4
tulips225.jpg,4
tulips226.jpg,4
tulips227.jpg,4
tulips228.jpg,4
tulips229.jpg,4
tulips230.jpg,4
tulips231.jpg,4
tulips232.jpg,4
tulips233.jpg,4
tulips234.jpg,4
tulips235.jpg,4
tulips236.jpg,4
tulips237.jpg,4
tulips238.jpg,4
tulips239.jpg,4
tulips240.jpg,4
tulips241.jpg,4
tulips242.jpg,4
tulips243.jpg,4
tulips244.jpg,4
tulips245.jpg,4
tulips246.jpg,4
tulips247.jpg,4
tulips248.jpg,4
tulips249.jpg,4
tulips250.jpg,4
tulips251.jpg,4
tulips252.jpg,4
tulips253.jpg,4
tulips254.jpg,4
tulips255.jpg,4
tulips256.jpg,4
tulips257.jpg,4
tulips258.jpg,4
tulips259.jpg,4
tulips260.jpg,4
tulips261.jpg,4
tulips262.jpg,4
tulips263.jpg,4
tulips264.jpg,4
tulips265.jpg,4
tulips266.jpg,4
tulips267.jpg,4
tulips268.jpg,4
tulips269.jpg,4
tulips270.jpg,4
tulips271.jpg,4
tulips272.jpg,4
tulips273.jpg,4
tulips274.jpg,4
tulips275.jpg,4
tulips276.jpg,4
tulips277.jpg,4
tulips278.jpg,4
tulips279.jpg,4
tulips280.jpg,4
tulips281.jpg,4
tulips282.jpg,4
tulips283.jpg,4
tulips284.jpg,4
tulips285.jpg,4
tulips286.jpg,4
tulips287.jpg,4
tulips288.jpg,4
tulips289.jpg,4
tulips290.jpg,4
tulips291.jpg,4
tulips292.jpg,4
tulips293.jpg,4
tulips294.jpg,4
tulips295.jpg,4
tulips296.jpg,4
tulips297.jpg,4
tulips298.jpg,4
tulips299.jpg,4
tulips300.jpg,4
tulips301.jpg,4
tulips302.jpg,4
tulips303.jpg,4
tulips304.jpg,4
tulips305.jpg,4
tulips306.jpg,4
tulips307.jpg,4
tulips308.jpg,4
tulips309.jpg,4
tulips310.jpg,4
tulips311.jpg,4
tulips312.jpg,4
tulips313.jpg,4
tulips314.jpg,4
tulips315.jpg,4
tulips316.jpg,4
tulips317.jpg,4
tulips318.jpg,4
tulips319.jpg,4
tulips320.jpg,4
tulips321.jpg,4
tulips322.jpg,4
tulips323.jpg,4
tulips324.jpg,4
tulips325.jpg,4
tulips326.jpg,4
tulips327.jpg,4
tulips328.jpg,4
tulips329.jpg,4
tulips330.jpg,4
tulips331.jpg,4
tulips332.jpg,4
tulips333.jpg,4
tulips334.jpg,4
tulips335.jpg,4
tulips336.jpg,4
tulips337.jpg,4
tulips338.jpg,4
tulips339.jpg,4
tulips340.jpg,4
tulips341.jpg,4
tulips342.jpg,4
tulips343.jpg,4
tulips344.jpg,4
tulips345.jpg,4
tulips346.jpg,4
tulips347.jpg,4
tulips348.jpg,4
tulips349.jpg,4
tulips350.jpg,4
tulips351.jpg,4
tulips352.jpg,4
tulips353.jpg,4
tulips354.jpg,4
tulips355.jpg,4
tulips356.jpg,4
tulips357.jpg,4
tulips358.jpg,4
tulips359.jpg,4
tulips360.jpg,4
tulips361.jpg,4
tulips362.jpg,4
tulips363.jpg,4
tulips364.jpg,4
tulips365.jpg,4
tulips366.jpg,4
tulips367.jpg,4
tulips368.jpg,4
tulips369.jpg,4
tulips370.jpg,4
tulips371.jpg,4
tulips372.jpg,4
tulips373.jpg,4
tulips374.jpg,4
tulips375.jpg,4
tulips376.jpg,4
tulips377.jpg,4
tulips378.jpg,4
tulips379.jpg,4
tulips380.jpg,4
tulips381.jpg,4
tulips382.jpg,4
tulips383.jpg,4
tulips384.jpg,4
tulips385.jpg,4
tulips386.jpg,4
tulips387.jpg,4
tulips388.jpg,4
tulips389.jpg,4
tulips390.jpg,4
tulips391.jpg,4
tulips392.jpg,4
tulips393.jpg,4
tulips394.jpg,4
tulips395.jpg,4
tulips396.jpg,4
tulips397.jpg,4
tulips398.jpg,4
tulips399.jpg,4
tulips400.jpg,4
tulips401.jpg,4
tulips402.jpg,4
tulips403.jpg,4
tulips404.jpg,4
tulips405.jpg,4
tulips406.jpg,4
tulips407.jpg,4
tulips408.jpg,4
tulips409.jpg,4
tulips410.jpg,4
tulips411.jpg,4
tulips412.jpg,4
tulips413.jpg,4
tulips414.jpg,4
tulips415.jpg,4
tulips416.jpg,4
tulips417.jpg,4
tulips418.jpg,4
tulips419.jpg,4
tulips420.jpg,4
tulips421.jpg,4
tulips422.jpg,4
tulips423.jpg,4
tulips424.jpg,4
tulips425.jpg,4
tulips426.jpg,4
tulips427.jpg,4
tulips428.jpg,4
tulips429.jpg,4
tulips430.jpg,4
tulips431.jpg,4
tulips432.jpg,4
tulips433.jpg,4
tulips434.jpg,4
tulips435.jpg,4
tulips436.jpg,4
tulips437.jpg,4
tulips438.jpg,4
tulips439.jpg,4
tulips440.jpg,4
tulips441.jpg,4
tulips442.jpg,4
tulips443.jpg,4
tulips444.jpg,4
tulips445.jpg,4
tulips446.jpg,4
tulips447.jpg,4
tulips448.jpg,4
tulips449.jpg,4
tulips450.jpg,4
tulips451.jpg,4
tulips452.jpg,4
tulips453.jpg,4
tulips454.jpg,4
tulips455.jpg,4
tulips456.jpg,4
tulips457.jpg,4
tulips458.jpg,4
tulips459.jpg,4
tulips460.jpg,4
tulips461.jpg,4
tulips462.jpg,4
tulips463.jpg,4
tulips464.jpg,4
tulips465.jpg,4
tulips466.jpg,4
tulips467.jpg,4
tulips468.jpg,4
tulips469.jpg,4
tulips470.jpg,4
tulips471.jpg,4
tulips472.jpg,4
tulips473.jpg,4
tulips474.jpg,4
tulips475.jpg,4
tulips476.jpg,4
tulips477.jpg,4
tulips478.jpg,4
tulips479.jpg,4
tulips480.jpg,4
tulips481.jpg,4
tulips482.jpg,4
tulips483.jpg,4
tulips484.jpg,4
tulips485.jpg,4
tulips486.jpg,4
tulips487.jpg,4
tulips488.jpg,4
tulips489.jpg,4
tulips490.jpg,4
tulips491.jpg,4
tulips492.jpg,4
tulips493.jpg,4
tulips494.jpg,4
tulips495.jpg,4
tulips496.jpg,4
tulips497.jpg,4
tulips498.jpg,4
tulips499.jpg,4
tulips500.jpg,4
tulips501.jpg,4
tulips502.jpg,4
tulips503.jpg,4
tulips504.jpg,4
tulips505.jpg,4
tulips506.jpg,4
tulips507.jpg,4
tulips508.jpg,4
tulips509.jpg,4
tulips510.jpg,4
tulips511.jpg,4
tulips512.jpg,4
tulips513.jpg,4
tulips514.jpg,4
tulips515.jpg,4
tulips516.jpg,4
tulips517.jpg,4
tulips518.jpg,4
tulips519.jpg,4
tulips520.jpg,4
tulips521.jpg,4
tulips522.jpg,4
tulips523.jpg,4
tulips524.jpg,4
tulips525.jpg,4
tulips526.jpg,4
tulips527.jpg,4
tulips528.jpg,4
tulips529.jpg,4
tulips530.jpg,4
tulips531.jpg,4
tulips532.jpg,4
tulips533.jpg,4
tulips534.jpg,4
tulips535.jpg,4
tulips536.jpg,4
tulips537.jpg,4
tulips538.jpg,4
tulips539.jpg,4
tulips540.jpg,4
tulips541.jpg,4
tulips542.jpg,4
tulips543.jpg,4
tulips544.jpg,4
tulips545.jpg,4
tulips546.jpg,4
tulips547.jpg,4
tulips548.jpg,4
tulips549.jpg,4
tulips550.jpg,4
tulips551.jpg,4
tulips552.jpg,4
tulips553.jpg,4
tulips554.jpg,4
tulips555.jpg,4
tulips556.jpg,4
tulips557.jpg,4
tulips558.jpg,4
tulips559.jpg,4
tulips560.jpg,4
tulips561.jpg,4
tulips562.jpg,4
tulips563.jpg,4
tulips564.jpg,4
tulips565.jpg,4
tulips566.jpg,4
tulips567.jpg,4
tulips568.jpg,4
tulips569.jpg,4
tulips570.jpg,4
tulips571.jpg,4
tulips572.jpg,4
tulips573.jpg,4
tulips574.jpg,4
tulips575.jpg,4
tulips576.jpg,4
tulips577.jpg,4
tulips578.jpg,4
tulips579.jpg,4
tulips580.jpg,4
tulips581.jpg,4
tulips582.jpg,4
tulips583.jpg,4
tulips584.jpg,4
tulips585.jpg,4
tulips586.jpg,4
tulips587.jpg,4
tulips588.jpg,4
tulips589.jpg,4
tulips590.jpg,4
tulips591.jpg,4
tulips592.jpg,4
tulips593.jpg,4
tulips594.jpg,4
tulips595.jpg,4
tulips596.jpg,4
tulips597.jpg,4
tulips598.jpg,4
tulips599.jpg,4
tulips600.jpg,4
tulips601.jpg,4
tulips602.jpg,4
tulips603.jpg,4
tulips604.jpg,4
tulips605.jpg,4
tulips606.jpg,4
tulips607.jpg,4
tulips608.jpg,4
tulips609.jpg,4
tulips610.jpg,4
tulips611.jpg,4
tulips612.jpg,4
tulips613.jpg,4
tulips614.jpg,4
tulips615.jpg,4
tulips616.jpg,4
tulips617.jpg,4
tulips618.jpg,4
tulips619.jpg,4
tulips620.jpg,4
tulips621.jpg,4
tulips622.jpg,4
tulips623.jpg,4
tulips624.jpg,4
tulips625.jpg,4
tulips626.jpg,4
tulips627.jpg,4
tulips628.jpg,4
tulips629.jpg,4
tulips630.jpg,4
tulips631.jpg,4
tulips632.jpg,4
tulips633.jpg,4
tulips634.jpg,4
tulips635.jpg,4
tulips636.jpg,4
tulips637.jpg,4
tulips638.jpg,4
tulips639.jpg,4
tulips640.jpg,4
tulips641.jpg,4
tulips642.jpg,4
tulips643.jpg,4
tulips644.jpg,4
tulips645.jpg,4
tulips646.jpg,4
tulips647.jpg,4
tulips648.jpg,4
tulips649.jpg,4
tulips650.jpg,4
tulips651.jpg,4
tulips652.jpg,4
tulips653.jpg,4
tulips654.jpg,4
tulips655.jpg,4
tulips656.jpg,4
tulips657.jpg,4
tulips658.jpg,4
tulips659.jpg,4
tulips660.jpg,4
tulips661.jpg,4
tulips662.jpg,4
tulips663.jpg,4
tulips664.jpg,4
tulips665.jpg,4
tulips666.jpg,4
tulips667.jpg,4
tulips668.jpg,4
tulips669.jpg,4
tulips670.jpg,4
tulips671.jpg,4
tulips672.jpg,4
tulips673.jpg,4
tulips674.jpg,4
tulips675.jpg,4
tulips676.jpg,4
tulips677.jpg,4
tulips678.jpg,4
tulips679.jpg,4
tulips680.jpg,4
tulips681.jpg,4
tulips682.jpg,4
tulips683.jpg,4
tulips684.jpg,4
tulips685.jpg,4
tulips686.jpg,4
tulips687.jpg,4
tulips688.jpg,4
tulips689.jpg,4
tulips690.jpg,4
tulips691.jpg,4
tulips692.jpg,4
tulips693.jpg,4
tulips694.jpg,4
tulips695.jpg,4
tulips696.jpg,4
tulips697.jpg,4
tulips698.jpg,4
tulips699.jpg,4
tulips700.jpg,4
tulips701.jpg,4
tulips702.jpg,4
tulips703.jpg,4
tulips704.jpg,4
tulips705.jpg,4
tulips706.jpg,4
tulips707.jpg,4
tulips708.jpg,4
tulips709.jpg,4
tulips710.jpg,4
tulips711.jpg,4
tulips712.jpg,4
tulips713.jpg,4
tulips714.jpg,4
tulips715.jpg,4
tulips716.jpg,4
tulips717.jpg,4
tulips718.jpg,4
tulips719.jpg,4
